﻿<?xml version='1.0' encoding='UTF-8'?>
<!-- Generated by LavishSettings v2 -->
<InnerSpaceSettings>

<Setting Name="Caltrops IV (Expert)">1</Setting>
<Setting Name="Mortal Blade III (Expert)">1</Setting>
<Setting Name="Apply Poison (Expert)">1</Setting>
<Setting Name="Eviscerate IV (Expert)">1</Setting>
<Setting Name="Murderous Design IV (Expert)">1</Setting>
<Setting Name="Gushing Wound V (Expert)">1</Setting>
<Setting Name="Deadly Focus II (Expert)">1</Setting>
<Setting Name="Head Shot III (Expert)">1</Setting>
<Setting Name="Impale IV (Expert)">1</Setting>
<Setting Name="Concealment (Expert)">1</Setting>
<Setting Name="Villainy IV (Expert)">1</Setting>
<Setting Name="Stalk IV (Expert)">1</Setting>
<Setting Name="Stealth Assault III (Expert)">1</Setting>
<Setting Name="Spine Shot IV (Expert)">1</Setting>
<Setting Name="	Quick Strike VI (Expert)">1</Setting>
<Setting Name="Death Blow (Expert)">1</Setting>
<Setting Name="Improvised Weapon III (Expert)">1</Setting>
<Setting Name="Deadly Shot V (Expert)">1</Setting>
<Setting Name="Crippling Strike II (Expert)">1</Setting>
<Setting Name="Cunning Defense IV (Expert)">1</Setting>
<Setting Name="Paralyzing Strike III (Expert)">1</Setting>
<Setting Name="Evade V (Expert)">1</Setting>
</InnerSpaceSettings>
