﻿<?xml version='1.0' encoding='UTF-8'?>
<!-- Generated by LavishSettings v2 -->
<InnerSpaceSettings>

<Setting Name="Holdup IV (Expert)">1</Setting>
<Setting Name="Cuss III (Expert)">1</Setting>
<Setting Name="Backstab V (Expert)">1</Setting>
<Setting Name="Amazing Reflexes (Expert)">1</Setting>
<Setting Name="Deceit II (Expert)">1</Setting>
<Setting Name="Beg for Mercy III (Expert)">1</Setting>
<Setting Name="Battery and Assault V (Expert)">1</Setting>
<Setting Name="Daring Advance IV (Expert)">1</Setting>
<Setting Name="Dispatch (Expert)">1</Setting>
<Setting Name="Street Smarts IV (Expert)">1</Setting>
<Setting Name="Barroom Negotiation IV (Expert)">1</Setting>
<Setting Name="Puncture VI (Expert)">1</Setting>
<Setting Name="Gouge IV (Expert)">1</Setting>
<Setting Name="Double Blast IV (Expert)">1</Setting>
<Setting Name="Double Up (Expert)">1</Setting>
<Setting Name="Stunning Blow III (Expert)">1</Setting>
<Setting Name="Desperate Thrust II (Expert)">1</Setting>
<Setting Name="Befuddle IV (Expert)">1</Setting>
<Setting Name="Blackguard IV (Expert)">1</Setting>
<Setting Name="Shank III (Expert)">1</Setting>
<Setting Name="Evade V (Expert)">1</Setting>
</InnerSpaceSettings>
