﻿<?xml version='1.0' encoding='UTF-8'?>
<!-- Generated by LavishSettings v2 -->
<InnerSpaceSettings>

<Setting Name="Fire Seed III (Expert)">1</Setting>
<Setting Name="Earthen Avatar V (Expert)">1</Setting>
<Setting Name="Aqueous Swarm III (Expert)">1</Setting>
<Setting Name="Antagonize IV (Expert)">1</Setting>
<Setting Name="Vampire Bats III (Expert)">1</Setting>
<Setting Name="Shattered Earth III (Expert)">1</Setting>
<Setting Name="Geotic Rune IV (Expert)">1</Setting>
<Setting Name="Vehement Skin II (Expert)">1</Setting>
<Setting Name="Winds of Velious (Expert)">1</Setting>
<Setting Name="Essence Shift IV (Expert)">1</Setting>
<Setting Name="Heal Servant V (Expert)">1</Setting>
<Setting Name="Defensive Haven IV (Expert)">1</Setting>
<Setting Name="Conjuror's Pact IV (Expert)">1</Setting>
<Setting Name="Crystal Blast VII (Expert)">1</Setting>
<Setting Name="Earthquake IV (Expert)">1</Setting>
<Setting Name="Petrify IV (Expert)">1</Setting>
<Setting Name="Elemental Unity (Expert)">1</Setting>
<Setting Name="Fiery Annihilation VI (Expert)">1</Setting>
<Setting Name="Aery Hunter III (Expert)">1</Setting>
</InnerSpaceSettings>
