﻿<?xml version='1.0' encoding='UTF-8'?>
<!-- Generated by LavishSettings v2 -->
<InnerSpaceSettings>

<Setting Name="Thunderbolt III (Expert)">1</Setting>
<Setting Name="Thornskin V (Expert)">1</Setting>
<Setting Name="Back into the Fray (Expert)">1</Setting>
<Setting Name="Tempest V (Expert)">1</Setting>
<Setting Name="Spirit of the Bat II (Expert)">1</Setting>
<Setting Name="Primal Fury III (Expert)">1</Setting>
<Setting Name="Regrowth V (Expert)">1</Setting>
<Setting Name="Brambles IV (Expert)">1</Setting>
<Setting Name="Feral Tenacity II (Expert)">1</Setting>
<Setting Name="Ring of Fire (Expert)">1</Setting>
<Setting Name="Autumn's Kiss IV (Expert)">1</Setting>
<Setting Name="Untamed Regeneration IV (Expert)">1</Setting>
<Setting Name="Winds of Healing IV (Expert)">1</Setting>
<Setting Name="Abolishment II (Expert)">1</Setting>
<Setting Name="Nature's Salve VII (Expert)">1</Setting>
<Setting Name="Feast III (Expert)">1</Setting>
<Setting Name="Master of the Hunt IV (Expert)">1</Setting>
<Setting Name="Lucidity V (Expert)">1</Setting>
<Setting Name="Hibernation (Expert)">1</Setting>
<Setting Name="Death Swarm VI (Expert)">1</Setting>
<Setting Name="Dawnstrike VI (Expert)">1</Setting>
<Setting Name="Nature's Elixir VI (Expert)">1</Setting>
<Setting Name="Forest Spirit IV (Expert)">1</Setting>
<Setting Name="Starnova III (Expert)">1</Setting>
</InnerSpaceSettings>
