﻿<?xml version='1.0' encoding='UTF-8'?>
<!-- Generated by LavishSettings v2 -->
<InnerSpaceSettings>

<Setting Name="Phantasmal Awe III (Expert)">1</Setting>
<Setting Name="Entrance V (Expert)">1</Setting>
<Setting Name="Savante (Expert)">1</Setting>
<Setting Name="Aneurysm IV (Expert)">1</Setting>
<Setting Name="Flash of Brilliance III (Expert)">1</Setting>
<Setting Name="Mana Cloak II (Expert)">1</Setting>
<Setting Name="Rune of Thought IV (Expert)">1</Setting>
<Setting Name="Regalia II (Expert)">1</Setting>
<Setting Name="Paranoia V (Expert)">1</Setting>
<Setting Name="Extract Mana IV (Expert)">1</Setting>
<Setting Name="	Illusory Allies (Expert)">1</Setting>
<Setting Name="Prismatic Chaos III (Expert)">1</Setting>
<Setting Name="Nightmare IV (Expert)">1</Setting>
<Setting Name="Ultraviolet Beam VII (Expert)">1</Setting>
<Setting Name="Bewilderment IV (Expert)">1</Setting>
<Setting Name="Spellshield (Expert)">1</Setting>
<Setting Name="Speechless IV (Expert)">1</Setting>
<Setting Name="Theorems III (Expert)">1</Setting>
<Setting Name="Brainburst VI (Expert)">1</Setting>
</InnerSpaceSettings>
