﻿<?xml version='1.0' encoding='UTF-8'?>
<!-- Generated by LavishSettings v2 -->
<InnerSpaceSettings>

<Setting Name="Depressing Chant IV (Expert)">1</Setting>
<Setting Name="Alin's Serene Serenade III (Expert)">1</Setting>
<Setting Name="Requiem of Reflection (Expert)">1</Setting>
<Setting Name="Raxxyl's Rousing Tune V (Expert)">1</Setting>
<Setting Name="Ceremonial Blade IV (Expert)">1</Setting>
<Setting Name="Zander's Choral Rebuff II (Expert)">1</Setting>
<Setting Name="Breathtaking Bellow II (Expert)">1</Setting>
<Setting Name="Perfect Shrill V (Expert)">1</Setting>
<Setting Name="Evade V (Expert)">1</Setting>
<Setting Name="Thunderous Overture III (Expert)">1</Setting>
<Setting Name="Demoralizing Processional (Expert)">1</Setting>
<Setting Name="Daelis' Dance of Blades IV (Expert)">1</Setting>
<Setting Name="Selo's Accelerando IV (Expert)">1</Setting>
<Setting Name="Bria's Inspiring Ballad IV (Expert)">1</Setting>
<Setting Name="Tap Essence III (Expert)">1</Setting>
<Setting Name="Sandra's Deafening Strike VI (Expert)">1</Setting>
<Setting Name="Painful Lamentations IV (Expert)">1</Setting>
<Setting Name="Elemental Concerto II (Expert)">1</Setting>
<Setting Name="Perfection of the Maestro (Expert)">1</Setting>
<Setting Name="Singing Shot IV (Expert)">1</Setting>
<Setting Name="Rejuvenating Celebration III (Expert)">1</Setting>
<Setting Name="Song of Magic V (Expert)">1</Setting>
<Setting Name="Chaos Anthem III (Expert)">1</Setting>
<Setting Name="Graceful Avoidance IV (Expert)">1</Setting>
</InnerSpaceSettings>
