﻿<?xml version='1.0' encoding='UTF-8'?>
<!-- Generated by LavishSettings v2 -->
<InnerSpaceSettings>

<Setting Name="Distortion III (Expert)">1</Setting>
<Setting Name="Nullify IV (Expert)">1</Setting>
<Setting Name="Dark Pyre IV (Expert)">1</Setting>
<Setting Name="Dark Siphoning III (Expert)">1</Setting>
<Setting Name="Dark Infestation (Expert)">1</Setting>
<Setting Name="Flames of Velious II (Expert)">1</Setting>
<Setting Name="Grasp of Bertoxxulous IV (Expert)">1</Setting>
<Setting Name="Curse of Darkness III (Expert)">1</Setting>
<Setting Name="Dark Pact IV (Expert)">1</Setting>
<Setting Name="Skeletal Grasp II (Expert)">1</Setting>
<Setting Name="Vacuum Field V (Expert)">1</Setting>
<Setting Name="Null Caress (Expert)">1</Setting>
<Setting Name="Void Contract IV (Expert)">1</Setting>
<Setting Name="Cataclysm V (Expert)">1</Setting>
<Setting Name="Curse of Void III (Expert)">1</Setting>
<Setting Name="Dissolve VII (Expert)">1</Setting>
<Setting Name="Encase IV (Expert)">1</Setting>
<Setting Name="Netherealm (Expert)">1</Setting>
<Setting Name="Acid VI (Expert)">1</Setting>
<Setting Name="Gift of Bertoxxulous III (Expert)">1</Setting>
</InnerSpaceSettings>
