﻿<?xml version='1.0' encoding='UTF-8'?>
<!-- Generated by LavishSettings v2 -->
<InnerSpaceSettings>

<Setting Name="Bloodlust IV (Expert)">1</Setting>
<Setting Name="Raging Blow V (Expert)">1</Setting>
<Setting Name="Insolence (Expert)">1</Setting>
<Setting Name="War Cry III (Expert)">1</Setting>
<Setting Name="Maul IV (Expert)">1</Setting>
<Setting Name="Chaos IV (Expert)">1</Setting>
<Setting Name="Controlled Rage III (Expert)">1</Setting>
<Setting Name="Demolish II (Expert)">1</Setting>
<Setting Name="Wall of Rage IV (Expert)">1</Setting>
<Setting Name="Vision of Madness (Expert)">1</Setting>
<Setting Name="Body Check V (Expert)">1</Setting>
<Setting Name="Mutilate IV (Expert)">1</Setting>
<Setting Name="Berserker Onslaught III (Expert)">1</Setting>
<Setting Name="Aggressive Defense V (Expert)">1</Setting>
<Setting Name="Rupture V (Expert)">1</Setting>
<Setting Name="Frenzy II (Expert)">1</Setting>
<Setting Name="Weapon Counter III (Expert)">1</Setting>
<Setting Name="Unflinching Will V (Expert)">1</Setting>
<Setting Name="Open Wounds (Expert)">1</Setting>
<Setting Name="Mock VI (Expert)">1</Setting>
<Setting Name="Head Crush IV (Expert)">1</Setting>
<Setting Name="Stunning Roar III (Expert)">1</Setting>
<Setting Name="Reckless Aide IV (Expert)">1</Setting>
</InnerSpaceSettings>
