﻿<?xml version='1.0' encoding='UTF-8'?>
<!-- Generated by LavishSettings v2 -->
<InnerSpaceSettings>

<Setting Name="Hostage III (Expert)">1</Setting>
<Setting Name="Enraging Demeanor III (Expert)">1</Setting>
<Setting Name="Mindbend (Expert)">1</Setting>
<Setting Name="Mesmerize V (Expert)">1</Setting>
<Setting Name="Ego Shock IV (Expert)">1</Setting>
<Setting Name="Mana Cloak II (Expert)">1</Setting>
<Setting Name="Pure Awe III (Expert)">1</Setting>
<Setting Name="Signet of Intellect IV (Expert)">1</Setting>
<Setting Name="Spell Curse II (Expert)">1</Setting>
<Setting Name="Amnesia (Expert)">1</Setting>
<Setting Name="Shift Mana IV (Expert)">1</Setting>
<Setting Name="Medusa Gaze V (Expert)">1</Setting>
<Setting Name="Asylum IV (Expert)">1</Setting>
<Setting Name="Destructive Mind III (Expert)">1</Setting>
<Setting Name="Hemorrhage VII (Expert)">1</Setting>
<Setting Name="Silence IV (Expert)">1</Setting>
<Setting Name="Stupefy IV (Expert)">1</Setting>
<Setting Name="Channel (Expert)">1</Setting>
<Setting Name="Brainshock VI (Expert)">1</Setting>
<Setting Name="Cannibalize Thoughts III (Expert)">1</Setting>
</InnerSpaceSettings>
