﻿<?xml version='1.0' encoding='UTF-8'?>
<!-- Generated by LavishSettings v2 -->
<InnerSpaceSettings>

<Setting Name="Fuliginous Whip III (Expert)">1</Setting>
<Setting Name="Soul Cannibalize (Expert)">1</Setting>
<Setting Name="Atrophy V (Expert)">1</Setting>
<Setting Name="Ancient Terror II (Expert)">1</Setting>
<Setting Name="Putrefy V (Expert)">1</Setting>
<Setting Name="Bane of Warding III (Expert)">1</Setting>
<Setting Name="Ancient Shroud V (Expert)">1</Setting>
<Setting Name="Terror Chant IV (Expert)">1</Setting>
<Setting Name="Ancestral Avenger II (Expert)">1</Setting>
<Setting Name="Voice of the Ancestors (Expert)">1</Setting>
<Setting Name="Wild Accretion IV (Expert)">1</Setting>
<Setting Name="Carrion Warding IV (Expert)">1</Setting>
<Setting Name="Mail of Souls II (Expert)">1</Setting>
<Setting Name="Crystallize Soul III (Expert)">1</Setting>
<Setting Name="Dire Balm VII (Expert)">1</Setting>
<Setting Name="Spiritual Circle (Expert)">1</Setting>
<Setting Name="Noxious Efflux IV (Expert)">1</Setting>
<Setting Name="Invective II (Expert)">1</Setting>
<Setting Name="Imprecate VI (Expert)">1</Setting>
<Setting Name="Vehemence IV (Expert)">1</Setting>
<Setting Name="Absolute Corruption III (Expert)">1</Setting>
<Setting Name="Sacrificial Restoration VI (Expert)">1</Setting>
</InnerSpaceSettings>
