﻿<?xml version='1.0' encoding='UTF-8'?>
<!-- Generated by LavishSettings v2 -->
<InnerSpaceSettings>

<Setting Name="Verlien's Keen of Despair IV (Expert)">1</Setting>
<Setting Name="Clara's Chaotic Cacophony III (Expert)">1</Setting>
<Setting Name="Percussion of Stone (Expert)">1</Setting>
<Setting Name="Harl's Rousing Tune V (Expert)">1</Setting>
<Setting Name="Zander's Choral Rebuff II (Expert)">1</Setting>
<Setting Name="Darksong Blade IV (Expert)">1</Setting>
<Setting Name="Hymn of Horror II (Expert)">1</Setting>
<Setting Name="Luda's Nefarious Wail V (Expert)">1</Setting>
<Setting Name="Garsin's Funeral March III (Expert)">1</Setting>
<Setting Name="Selo's Accelerando IV (Expert)">1</Setting>
<Setting Name="Bria's Inspiring Ballad IV (Expert)">1</Setting>
<Setting Name="Death's Door IV (Expert)">1</Setting>
<Setting Name="Scream of Death (Expert)">1</Setting>
<Setting Name="Howl of Death III (Expert)">1</Setting>
<Setting Name="Riana's Relentless Tune IV (Expert)">1</Setting>
<Setting Name="Thuri's Doleful Thrust VI (Expert)">1</Setting>
<Setting Name="Jarol's Sorrowful Requiem IV (Expert)">1</Setting>
<Setting Name="Scream of Death (Expert)">1</Setting>
<Setting Name="Elegy of Awakening (Expert)">1</Setting>
<Setting Name="Jael's Dreadful Deprivation IV (Expert)">1</Setting>
<Setting Name="Cacophony of Blades (Expert)">1</Setting>
<Setting Name="Clara's Chaotic Cacophony III (Expert)">1</Setting>
<Setting Name="Daro's Sorrowful Dirge III (Expert)">1</Setting>
<Setting Name="Songster's Luck V (Expert)">1</Setting>
<Setting Name="Hyran's Seething Sonata III (Expert)">1</Setting>
<Setting Name="Jael's Mysterious Mettle IV (Expert)">1</Setting>
<Setting Name="Evade V (Expert)">1</Setting>
</InnerSpaceSettings>
