﻿<?xml version='1.0' encoding='UTF-8'?>
<!-- Generated by LavishSettings v2 -->
<InnerSpaceSettings>

<Setting Name="Purifying Flames III (Expert)">1</Setting>
<Setting Name="Condemn V (Expert)">1</Setting>
<Setting Name="Heresy (Expert)">1</Setting>
<Setting Name="Incarcerate II (Expert)">1</Setting>
<Setting Name="Smite Corruption II (Expert)">1</Setting>
<Setting Name="Torment V (Expert)">1</Setting>
<Setting Name="Penance V (Expert)">1</Setting>
<Setting Name="Redemption II (Expert)">1</Setting>
<Setting Name="Heretic's Doom III (Expert)">1</Setting>
<Setting Name="Disorientation IV (Expert)">1</Setting>
<Setting Name="Fervent Faith (Expert)">1</Setting>
<Setting Name="Malevolent Diatribe IV (Expert)">1</Setting>
<Setting Name="Resolute Flagellant II (Expert)">1</Setting>
<Setting Name="Alleviation IV (Expert)">1</Setting>
<Setting Name="Rejuvenation VII (Expert)">1</Setting>
<Setting Name="Ministration VII (Expert)">1</Setting>
<Setting Name="Vengeance III (Expert)">1</Setting>
<Setting Name="Dogma (Expert)">1</Setting>
<Setting Name="Fanatic's Faith IV (Expert)">1</Setting>
<Setting Name="Tenacity V (Expert)">1</Setting>
<Setting Name="Invocation VI (Expert)">1</Setting>
<Setting Name="Inquest II (Expert)">1</Setting>
<Setting Name="Repentance IV (Expert)">1</Setting>
<Setting Name="Litany III (Expert)">1</Setting>
<Setting Name="Fanatical Healing VI (Expert)">1</Setting>
</InnerSpaceSettings>
