﻿<?xml version='1.0' encoding='UTF-8'?>
<!-- Generated by LavishSettings v2 -->
<InnerSpaceSettings>

<Setting Name="Arctic Talon III (Expert)">1</Setting>
<Setting Name="Crouching Tiger V (Expert)">1</Setting>
<Setting Name="Lightning Palm IV (Expert)">1</Setting>
<Setting Name="Outward Calm (Expert)">1</Setting>
<Setting Name="Silent Threat VI (Expert)">1</Setting>
<Setting Name="Waking Dragon V (Expert)">1</Setting>
<Setting Name="Devastation Fist IX (Expert)">1</Setting>
<Setting Name="Everburning Flame III (Expert)">1</Setting>
<Setting Name="Five Rings X (Expert)">1</Setting>
<Setting Name="Frozen Palm V (Expert)">1</Setting>
<Setting Name="Roundhouse Kick XI (Expert)">1</Setting>
<Setting Name="Calm Tranquility IV (Expert)">1</Setting>
<Setting Name="Challenge XI (Expert)">1</Setting>
<Setting Name="Crescent Strike XI (Expert)">1</Setting>
<Setting Name="Flow Like Wind XI (Expert)">1</Setting>
<Setting Name="Mend VII (Expert)">1</Setting>
<Setting Name="Rising Dragon X (Expert)">1</Setting>
<Setting Name="Body Like Mountain II (Expert)">1</Setting>
<Setting Name="Mountain Stance IX (Expert)">1</Setting>
<Setting Name="Rising Phoenix IV (Expert)">1</Setting>
<Setting Name="Striking Cobra IV (Expert)">1</Setting>
<Setting Name="Bulwark of Order II (Expert)">1</Setting>
<Setting Name="Charging Tiger IV (Expert)">1</Setting>
<Setting Name="Dragon Rage III (Expert)">1</Setting>
<Setting Name="Flying Scissors II (Expert)">1</Setting>
<Setting Name="Inner Calm IV (Expert)">1</Setting>
<Setting Name="Fall of the phoenix (Expert)">1</Setting>
<Setting Name="Silent Palm (Expert)">1</Setting>
<Setting Name="Tranquil Vision IV (Expert)">1</Setting>
<Setting Name="Tsunami (Expert)">1</Setting>
<Setting Name="Will of the Heavens IV (Expert)">1</Setting>
<Setting Name="Feign Death IV (Expert)">1</Setting>
</InnerSpaceSettings>
