﻿<?xml version='1.0' encoding='UTF-8'?>
<!-- Generated by LavishSettings v2 -->
<InnerSpaceSettings>

<Setting Name="Glacial Flames III (Expert)">1</Setting>
<Setting Name="Torpor (Expert)">1</Setting>
<Setting Name="Haze V (Expert)">1</Setting>
<Setting Name="Lamenting Soul II (Expert)">1</Setting>
<Setting Name="Plague V (Expert)">1</Setting>
<Setting Name="Ancestral Ward V (Expert)">1</Setting>
<Setting Name="Echoes of the Ancients III (Expert)">1</Setting>
<Setting Name="Slothful Spirit (Expert)">1</Setting>
<Setting Name="Ancestral Savior II (Expert)">1</Setting>
<Setting Name="Spirits IV (Expert)">1</Setting>
<Setting Name="Ebbing Spirit II (Expert)">1</Setting>
<Setting Name="Umbral Warding IV (Expert)">1</Setting>
<Setting Name="transcendence IV (Expert)">1</Setting>
<Setting Name="Prophetic Ward III (Expert)">1</Setting>
<Setting Name="Rejuvenation VII (Expert)">1</Setting>
<Setting Name="Premonition V (Expert)">1</Setting>
<Setting Name="Ancestral Mettle IV (Expert)">1</Setting>
<Setting Name="Ancestral Balm (Expert)">1</Setting>
<Setting Name="Lunar Attendant II (Expert)">1</Setting>
<Setting Name="Velium Winds VI (Expert)">1</Setting>
<Setting Name="Wrath of the Ancients III (Expert)">1</Setting>
<Setting Name="Spirit of the Mammoth IV (Expert)">1</Setting>
<Setting Name="Ritual Healing VI (Expert)">1</Setting>
<Setting Name="Alleviation XI (Expert)">1</Setting>
</InnerSpaceSettings>
