﻿<?xml version='1.0' encoding='UTF-8'?>
<!-- Generated by LavishSettings v2 -->
<InnerSpaceSettings>

<Setting Name="Dooming Darkness III (Expert)">1</Setting>
<Setting Name="Blighted Horde III (Expert)">1</Setting>
<Setting Name="Siphoning of Souls (Expert)">1</Setting>
<Setting Name="Fear III (Expert)">1</Setting>
<Setting Name="Mortality Mark III (Expert)">1</Setting>
<Setting Name="Vampire Bats III (Expert)">1</Setting>
<Setting Name="Howl of the Damned IV (Expert)">1</Setting>
<Setting Name="Teachings of the Underworld IV (Expert)">1</Setting>
<Setting Name="Rending II (Expert)">1</Setting>
<Setting Name="Control Undead (Expert)">1</Setting>
<Setting Name="Necromantic Pact IV (Expert)">1</Setting>
<Setting Name="Necrotic Reconstruction V (Expert)">1</Setting>
<Setting Name="Grisly Protection IV (Expert)">1</Setting>
<Setting Name="Soulrot VII (Expert)">1</Setting>
<Setting Name="Consumption (Expert)">1</Setting>
<Setting Name="Grasping Bones IV (Expert)">1</Setting>
<Setting Name="Bloodcoil VI (Expert)">1</Setting>
<Setting Name="Bloodcloud IV (Expert)">1</Setting>
<Setting Name="Nightshade III (Expert)">1</Setting>
</InnerSpaceSettings>
