﻿<?xml version='1.0' encoding='UTF-8'?>
<!-- Generated by LavishSettings v2 -->
<InnerSpaceSettings>

<Setting Name="Divine Inspiration IV (Expert)">1</Setting>
<Setting Name="Blessed Weapon IV (Expert)">1</Setting>
<Setting Name="Sigil of Heroism (Expert)">1</Setting>
<Setting Name="Blessing of the Paladin III (Expert)">1</Setting>
<Setting Name="Divine Vengeance IV (Expert)">1</Setting>
<Setting Name="Doom Judgment II (Expert)">1</Setting>
<Setting Name="Demonstration of Faith IV (Expert)">1</Setting>
<Setting Name="Refusal of Atonement II (Expert)">1</Setting>
<Setting Name="Devout Sacrament III (Expert)">1</Setting>
<Setting Name="Heroic Dash IV (Expert)">1</Setting>
<Setting Name="Consecrate (Expert)">1</Setting>
<Setting Name="Judgment V (Expert)">1</Setting>
<Setting Name="Ancient Wrath IV (Expert)">1</Setting>
<Setting Name="Holy Strike III (Expert)">1</Setting>
<Setting Name="Faith Strike V (Expert)">1</Setting>
<Setting Name="Power Cleave IV (Expert)">1</Setting>
<Setting Name="Prayer of Healing V (Expert)">1</Setting>
<Setting Name="Divine Favor (Expert)">1</Setting>
<Setting Name="Knight's Stance V (Expert)">1</Setting>
<Setting Name="Pledge of Armament IV (Expert)">1</Setting>
<Setting Name="Clarion VI (Expert)">1</Setting>
<Setting Name="Wrath Stance V (Expert)">1</Setting>
<Setting Name="Resolute Faith IV (Expert)">1</Setting>

</InnerSpaceSettings>
