﻿<?xml version='1.0' encoding='UTF-8'?>
<!-- Generated by LavishSettings v2 -->
<InnerSpaceSettings>

<Setting Name="Ensnare IV (Expert)">1</Setting>
<Setting Name="Thorny Trap (Expert)">1</Setting>
<Setting Name="Trick Shot III (Expert)">1</Setting>
<Setting Name="Ranger's Blade IV (Expert)">1</Setting>
<Setting Name="Primal Reflexes IV (Expert)">1</Setting>
<Setting Name="Bloody Reminder IV (Expert)">1</Setting>
<Setting Name="Killing Instinct II (Expert)">1</Setting>
<Setting Name="Hidden Shot III (Expert)">1</Setting>
<Setting Name="Immobilizing Lunge IV (Expert)">1</Setting>
<Setting Name="Stream of Arrows (Expert)">1</Setting>
<Setting Name="Hunter's Instinct IV (Expert)">1</Setting>
<Setting Name="Stalk IV (Expert)">1</Setting>
<Setting Name="Triple Shot III (Expert)">1</Setting>
<Setting Name="Rear Shot V (Expert)">1</Setting>
<Setting Name="Lightning Strike VI (Expert)">1</Setting>
<Setting Name="Sniper Shot (Expert)">1</Setting>
<Setting Name="Snaring Shot II (Expert)">1</Setting>
<Setting Name="Searing Shot V (Expert)">1</Setting>
<Setting Name="Arrow Rip III (Expert)">1</Setting>
<Setting Name="Archer's Fury IV (Expert)">1</Setting>
<Setting Name="Evade V (Expert)">1</Setting>
<Setting Name="Survival Instincts IV (Expert)">1</Setting>
<Setting Name="Miracle Shot III (Expert)">1</Setting>
</InnerSpaceSettings>
