﻿<?xml version='1.0' encoding='UTF-8'?>
<!-- Generated by LavishSettings v2 -->
<InnerSpaceSettings>

<Setting Name="Unholy Hunger IV (Expert)">1</Setting>
<Setting Name="Innoruuk's Caress V (Expert)">1</Setting>
<Setting Name="Mana Sieve (Expert)">1</Setting>
<Setting Name="Doom Judgment II (Expert)">1</Setting>
<Setting Name="Dreadful Wrath II (Expert)">1</Setting>
<Setting Name="Grave Sacrament III (Expert)">1</Setting>
<Setting Name="Unholy Blessing IV (Expert)">1</Setting>
<Setting Name="Tap Veins (Expert)">1</Setting>
<Setting Name="Malice V (Expert)">1</Setting>
<Setting Name="Hateful Slam IV (Expert)">1</Setting>
<Setting Name="Unending Agony IV (Expert)">1</Setting>
<Setting Name="Devour Vitae III (Expert)">1</Setting>
<Setting Name="Painbringer V (Expert)">1</Setting>
<Setting Name="cleave Flesh IV (Expert)">1</Setting>
<Setting Name="Lucan's Pact V (Expert)">1</Setting>
<Setting Name="Death March (Expert)">1</Setting>
<Setting Name="Siphon Strength III (Expert)">1</Setting>
<Setting Name="Pledge of Armament IV (Expert)">1</Setting>
<Setting Name="Insidious Whisper VI (Expert)">1</Setting>
<Setting Name="Dark Blade V (Expert)">1</Setting>

</InnerSpaceSettings>
