﻿<?xml version='1.0' encoding='UTF-8'?>
<!-- Generated by LavishSettings v2 -->
<InnerSpaceSettings>

<Setting Name="Hangman's Noose IV (Expert)">1</Setting>
<Setting Name="Hurricane (Expert)">1</Setting>
<Setting Name="Viscerate V (Expert)">1</Setting>
<Setting Name="Tease III (Expert)">1</Setting>
<Setting Name="Perfect Finesse II (Expert)">1</Setting>
<Setting Name="Snap of the Wrist IV (Expert)">1</Setting>
<Setting Name="Disarming Grin III (Expert)">1</Setting>
<Setting Name="Bladeweaver IV (Expert)">1</Setting>
<Setting Name="Daring Advance IV (Expert)">1</Setting>
<Setting Name="Storm of Steel (Expert)">1</Setting>
<Setting Name="Flurry of Blades III (Expert)">1</Setting>
<Setting Name="Lucky Gambit V (Expert)">1</Setting>
<Setting Name="Flash of Steel VI (Expert)">1</Setting>
<Setting Name="Razor Edge IV (Expert)">1</Setting>
<Setting Name="Arctic Blast IV (Expert)">1</Setting>
<Setting Name="Lung Puncture (Expert)">1</Setting>
<Setting Name="Devious Blade III(Expert)">1</Setting>
<Setting Name="Flamboyant Strike II (Expert)">1</Setting>
<Setting Name="Avoid Blame IV (Expert)">1</Setting>
<Setting Name="Fancy Footwork IV (Expert)">1</Setting>
<Setting Name="Spurious Bravado III (Expert)">1</Setting>
<Setting Name="Evade V (Expert)">1</Setting>
</InnerSpaceSettings>
