﻿<?xml version='1.0' encoding='UTF-8'?>
<!-- Generated by LavishSettings v2 -->
<InnerSpaceSettings>

<Setting Name="Warring Deities III (Expert)">1</Setting>
<Setting Name="Reverence (Expert)">1</Setting>
<Setting Name="Rebuke V (Expert)">1</Setting>
<Setting Name="Divine Strike V (Expert)">1</Setting>
<Setting Name="Awestruck II (Expert)">1</Setting>
<Setting Name="Smite Corruption II (Expert)">1</Setting>
<Setting Name="Vital Intercession V (Expert)">1</Setting>
<Setting Name="Virtue III (Expert)">1</Setting>
<Setting Name="Harmony IV (Expert)">1</Setting>
<Setting Name="Holy Salvation II (Expert)">1</Setting>
<Setting Name="Sanctuary (Expert)">1</Setting>
<Setting Name="Devoted Resolve II (Expert)">1</Setting>
<Setting Name="Holy Intercession IV (Expert)">1</Setting>
<Setting Name="Word of Redemption IV (Expert)">1</Setting>
<Setting Name="Meliorate VII (Expert)">1</Setting>
<Setting Name="Shield of Faith III (Expert)">1</Setting>
<Setting Name="Symbol of Marzin IV (Expert)">1</Setting>
<Setting Name="Divine Arbitration (Expert)">1</Setting>
<Setting Name="Aegolism V (Expert)">1</Setting>
<Setting Name="Unyielding Benediction II (Expert)">1</Setting>
<Setting Name="Divine Smite VI(Expert)">1</Setting>
<Setting Name="Blaze of Faith III (Expert)">1</Setting>
<Setting Name="Restoration VI (Expert)">1</Setting>
<Setting Name="Mark of Divinity IV (Expert)">1</Setting>
</InnerSpaceSettings>
