﻿<?xml version='1.0' encoding='UTF-8'?>
<!-- Generated by LavishSettings v2 -->
<InnerSpaceSettings>

<Setting Name="Frostbite III (Expert)">1</Setting>
<Setting Name="Tunare's Watch (Expert)">1</Setting>
<Setting Name="Thorncoat V (Expert)">1</Setting>
<Setting Name="Icefall V (Expert)">1</Setting>
<Setting Name="Spirit of the Bat II (Expert)">1</Setting>
<Setting Name="Instinct III (Expert)">1</Setting>
<Setting Name="Photosynthesis V (Expert)">1</Setting>
<Setting Name="Willow Wisp IV (Expert)">1</Setting>
<Setting Name="Nature's Renewal II (Expert)">1</Setting>
<Setting Name="Nature's Pack (Expert)">1</Setting>
<Setting Name="Healstorm IV (Expert)">1</Setting>
<Setting Name="Verdant Whisper II (Expert)">1</Setting>
<Setting Name="Winds of Healing IV (Expert)">1</Setting>
<Setting Name="Sylvan Bloom VII (Expert)">1</Setting>
<Setting Name="Ward of the Untamed III (Expert)">1</Setting>
<Setting Name="Healing Grove (Expert)">1</Setting>
<Setting Name="Essence of the Great Bear IV (Expert)">1</Setting>
<Setting Name="Aspect of the Forest V (Expert)">1</Setting>
<Setting Name="Sandstorm II (Expert)">1</Setting>
<Setting Name="Winter's Sting (Expert)">1</Setting>
<Setting Name="Dawnstrike VI (Expert)">1</Setting>
<Setting Name="Winds of Permafrost III (Expert)">1</Setting>
<Setting Name="Favor of the Wild IV (Expert)">1</Setting>
<Setting Name="Nature's Embrace VI (Expert)">1</Setting>
</InnerSpaceSettings>
