﻿<?xml version='1.0' encoding='UTF-8'?>
<!-- Generated by LavishSettings v2 -->
<InnerSpaceSettings>

<Setting Name="Ball of Fire III (Expert)">1</Setting>
<Setting Name="Numbing Cold (Expert)">1</Setting>
<Setting Name="Cease IV (Expert)">1</Setting>
<Setting Name="Immolation IV (Expert)">1</Setting>
<Setting Name="Flames of Velious II (Expert)">1</Setting>
<Setting Name="Ro's Blade IV (Expert)">1</Setting>
<Setting Name="Ring of Ice II (Expert)">1</Setting>
<Setting Name="Tyrant's Pact IV (Expert)">1</Setting>
<Setting Name="Ice Spears V (Expert)">1</Setting>
<Setting Name="Furnace of Ro (Expert)">1</Setting>
<Setting Name="Vital Transfer IV (Expert)">1</Setting>
<Setting Name="Firestorm IV (Expert)">1</Setting>
<Setting Name="Harvest Mana III (Expert)">1</Setting>
<Setting Name="Solar Flare VII (Expert)">1</Setting>
<Setting Name="Storming Tempest (Expert)">1</Setting>
<Setting Name="Magma Chamber V (Expert)">1</Setting>
<Setting Name="Incinerate VI (Expert)">1</Setting>
<Setting Name="Surge of Ro III (Expert)">1</Setting>
<Setting Name="Aurora III (Expert)">1</Setting>  
</InnerSpaceSettings>
